-- MySQL dump 10.11
--
-- Host: localhost    Database: posdb
-- ------------------------------------------------------
-- Server version	5.0.67

/*!40101 SET @OLD_CHARACTER_SET_CLIENT=@@CHARACTER_SET_CLIENT */;
/*!40101 SET @OLD_CHARACTER_SET_RESULTS=@@CHARACTER_SET_RESULTS */;
/*!40101 SET @OLD_COLLATION_CONNECTION=@@COLLATION_CONNECTION */;
/*!40101 SET NAMES utf8 */;
/*!40103 SET @OLD_TIME_ZONE=@@TIME_ZONE */;
/*!40103 SET TIME_ZONE='+00:00' */;
/*!40014 SET @OLD_UNIQUE_CHECKS=@@UNIQUE_CHECKS, UNIQUE_CHECKS=0 */;
/*!40014 SET @OLD_FOREIGN_KEY_CHECKS=@@FOREIGN_KEY_CHECKS, FOREIGN_KEY_CHECKS=0 */;
/*!40101 SET @OLD_SQL_MODE=@@SQL_MODE, SQL_MODE='NO_AUTO_VALUE_ON_ZERO' */;
/*!40111 SET @OLD_SQL_NOTES=@@SQL_NOTES, SQL_NOTES=0 */;

--
-- Dumping data for table `MST_CABANG`
--

LOCK TABLES `MST_CABANG` WRITE;
/*!40000 ALTER TABLE `MST_CABANG` DISABLE KEYS */;
INSERT INTO `MST_CABANG` (`ID_CABANG`, `NAME`) VALUES ('SYS','Cabang Default');
/*!40000 ALTER TABLE `MST_CABANG` ENABLE KEYS */;
UNLOCK TABLES;

--
-- Dumping data for table `MST_KARTU_BAYAR`
--

LOCK TABLES `MST_KARTU_BAYAR` WRITE;
/*!40000 ALTER TABLE `MST_KARTU_BAYAR` DISABLE KEYS */;
/*!40000 ALTER TABLE `MST_KARTU_BAYAR` ENABLE KEYS */;
UNLOCK TABLES;

--
-- Dumping data for table `MST_KASSA`
--

LOCK TABLES `MST_KASSA` WRITE;
/*!40000 ALTER TABLE `MST_KASSA` DISABLE KEYS */;
/*!40000 ALTER TABLE `MST_KASSA` ENABLE KEYS */;
UNLOCK TABLES;

--
-- Dumping data for table `MST_PRODUK`
--

LOCK TABLES `MST_PRODUK` WRITE;
/*!40000 ALTER TABLE `MST_PRODUK` DISABLE KEYS */;
INSERT INTO `MST_PRODUK` (`ID_PRODUK`, `HARGA_JUAL`, `HARGA_POKOK`, `NAMA`, `PULSA_ELEKTRIK`, `STOK`, `ID_SATUAN`) VALUES ('101','15000.00','10000.00','INDOME AYAMBAWANG 1 DUS','\0',1,'DUS'),('`02','1000.00','890.00','INDOMIE AYAMBAWANG 1 BIJI','\0',12,'BJ');
/*!40000 ALTER TABLE `MST_PRODUK` ENABLE KEYS */;
UNLOCK TABLES;

--
-- Dumping data for table `MST_PRODUK_SATUAN`
--

LOCK TABLES `MST_PRODUK_SATUAN` WRITE;
/*!40000 ALTER TABLE `MST_PRODUK_SATUAN` DISABLE KEYS */;
INSERT INTO `MST_PRODUK_SATUAN` (`ID_PRODUK_SATUAN`, `KUANTITAS_KEMASAN`, `ID_PRODUK`) VALUES ('INDOME AYAMBAWANG 1 DUS-DUS',0,'`02');
/*!40000 ALTER TABLE `MST_PRODUK_SATUAN` ENABLE KEYS */;
UNLOCK TABLES;

--
-- Dumping data for table `MST_PULSA_ELEKTRIK`
--

LOCK TABLES `MST_PULSA_ELEKTRIK` WRITE;
/*!40000 ALTER TABLE `MST_PULSA_ELEKTRIK` DISABLE KEYS */;
/*!40000 ALTER TABLE `MST_PULSA_ELEKTRIK` ENABLE KEYS */;
UNLOCK TABLES;

--
-- Dumping data for table `MST_RUNNING_NUMBER`
--

LOCK TABLES `MST_RUNNING_NUMBER` WRITE;
/*!40000 ALTER TABLE `MST_RUNNING_NUMBER` DISABLE KEYS */;
INSERT INTO `MST_RUNNING_NUMBER` (`ID`, `NUMBER`) VALUES ('ID_SALDO_STOK0908',2);
/*!40000 ALTER TABLE `MST_RUNNING_NUMBER` ENABLE KEYS */;
UNLOCK TABLES;

--
-- Dumping data for table `MST_SATUAN`
--

LOCK TABLES `MST_SATUAN` WRITE;
/*!40000 ALTER TABLE `MST_SATUAN` DISABLE KEYS */;
INSERT INTO `MST_SATUAN` (`ID_SATUAN`, `NAMA`) VALUES ('BJ','BIJI'),('DUS','KARDUS'),('KG','KILOGRAM');
/*!40000 ALTER TABLE `MST_SATUAN` ENABLE KEYS */;
UNLOCK TABLES;

--
-- Dumping data for table `MST_SHIFT`
--

LOCK TABLES `MST_SHIFT` WRITE;
/*!40000 ALTER TABLE `MST_SHIFT` DISABLE KEYS */;
INSERT INTO `MST_SHIFT` (`ID_SHIFT`, `JAM_MULAI`, `JAM_SELESAI`) VALUES ('MALAM','16:00:00','23:00:00'),('SIANG','09:00:00','16:00:00');
/*!40000 ALTER TABLE `MST_SHIFT` ENABLE KEYS */;
UNLOCK TABLES;

--
-- Dumping data for table `MST_SYSTEM_PROPERTY`
--

LOCK TABLES `MST_SYSTEM_PROPERTY` WRITE;
/*!40000 ALTER TABLE `MST_SYSTEM_PROPERTY` DISABLE KEYS */;
INSERT INTO `MST_SYSTEM_PROPERTY` (`ID`, `VAL`) VALUES ('cabang','SYS'),('tanggal_format','dd-MM-yyyy'),('tanggal_transaksi','06-08-2009');
/*!40000 ALTER TABLE `MST_SYSTEM_PROPERTY` ENABLE KEYS */;
UNLOCK TABLES;

--
-- Dumping data for table `SEC_MENU`
--

LOCK TABLES `SEC_MENU` WRITE;
/*!40000 ALTER TABLE `SEC_MENU` DISABLE KEYS */;
INSERT INTO `SEC_MENU` (`ID_MENU`, `MENU_LEVEL`, `PANEL_CLASS`, `URUTAN`, `ID_PARENT`) VALUES ('Bantuan',0,NULL,5,NULL),('Laporan',0,NULL,3,NULL),('Master',0,NULL,1,NULL),('Master Kartu Pembayaran',1,'com.artivisi.pos.ui.master.KartuPembayaranPanel',5,'Master'),('Master Kassa',1,'com.artivisi.pos.ui.master.KassaPanel',6,'Master'),('Master Produk',1,'com.artivisi.pos.ui.master.MasterProdukPanel',1,'Master'),('Master Running Number',1,'com.artivisi.pos.ui.master.RunningNumberPanel',2,'Master'),('Master Satuan',1,'com.artivisi.pos.ui.master.MasterSatuanPanel',7,'Master'),('Master Shift',1,'com.artivisi.pos.ui.master.ShiftPanel',4,'Master'),('Master System Property',1,'com.artivisi.pos.ui.master.SystemPropertyPanel',3,'Master'),('Menu',1,'com.artivisi.pos.ui.sekuriti.MenuPanel',3,'Sekuriti'),('Pembelian',1,'com.artivisi.pos.ui.transaksi.PembelianPanel',0,'Transaksi'),('Pengguna',1,'com.artivisi.pos.ui.sekuriti.PenggunaPanel',1,'Sekuriti'),('Penjualan',1,'com.artivisi.pos.ui.transaksi.PenjualanPanel',1,'Transaksi'),('Peran',1,'com.artivisi.pos.ui.sekuriti.PeranPanel',2,'Sekuriti'),('Sekuriti',0,NULL,4,NULL),('Transaksi',0,NULL,2,NULL);
/*!40000 ALTER TABLE `SEC_MENU` ENABLE KEYS */;
UNLOCK TABLES;

--
-- Dumping data for table `SEC_PENGGUNA`
--

LOCK TABLES `SEC_PENGGUNA` WRITE;
/*!40000 ALTER TABLE `SEC_PENGGUNA` DISABLE KEYS */;
INSERT INTO `SEC_PENGGUNA` (`ID_PENGGUNA`, `KATA_SANDI`, `NAMA_LENGKAP`) VALUES ('ADMIN','f6fdffe48c908deb0f4c3bd36c032e72','ADMIN');
/*!40000 ALTER TABLE `SEC_PENGGUNA` ENABLE KEYS */;
UNLOCK TABLES;

--
-- Dumping data for table `SEC_PERAN`
--

LOCK TABLES `SEC_PERAN` WRITE;
/*!40000 ALTER TABLE `SEC_PERAN` DISABLE KEYS */;
INSERT INTO `SEC_PERAN` (`ID_PERAN`, `DESKRIPSI`) VALUES ('KASIR','KASIR HANYA BISA PENJUALAN'),('SUPER USER','USER YANG BISA MELIHAT SEMUA MENU');
/*!40000 ALTER TABLE `SEC_PERAN` ENABLE KEYS */;
UNLOCK TABLES;

--
-- Dumping data for table `SEC_PERAN_MENU`
--

LOCK TABLES `SEC_PERAN_MENU` WRITE;
/*!40000 ALTER TABLE `SEC_PERAN_MENU` DISABLE KEYS */;
INSERT INTO `SEC_PERAN_MENU` (`ID_PERAN`, `ID_MENU`) VALUES ('KASIR','Transaksi'),('KASIR','Penjualan'),('SUPER USER','Master'),('SUPER USER','Master Produk'),('SUPER USER','Master Running Number'),('SUPER USER','Master System Property'),('SUPER USER','Master Shift'),('SUPER USER','Master Kartu Pembayaran'),('SUPER USER','Master Kassa'),('SUPER USER','Master Satuan'),('SUPER USER','Transaksi'),('SUPER USER','Pembelian'),('SUPER USER','Penjualan'),('SUPER USER','Laporan'),('SUPER USER','Sekuriti'),('SUPER USER','Pengguna'),('SUPER USER','Peran'),('SUPER USER','Menu'),('SUPER USER','Bantuan');
/*!40000 ALTER TABLE `SEC_PERAN_MENU` ENABLE KEYS */;
UNLOCK TABLES;

--
-- Dumping data for table `SEC_PERAN_PENGGUNA`
--

LOCK TABLES `SEC_PERAN_PENGGUNA` WRITE;
/*!40000 ALTER TABLE `SEC_PERAN_PENGGUNA` DISABLE KEYS */;
INSERT INTO `SEC_PERAN_PENGGUNA` (`ID_PERAN`, `ID_PENGGUNA`) VALUES ('SUPER USER','ADMIN');
/*!40000 ALTER TABLE `SEC_PERAN_PENGGUNA` ENABLE KEYS */;
UNLOCK TABLES;

--
-- Dumping data for table `TR_PEMBAYARAN`
--

LOCK TABLES `TR_PEMBAYARAN` WRITE;
/*!40000 ALTER TABLE `TR_PEMBAYARAN` DISABLE KEYS */;
/*!40000 ALTER TABLE `TR_PEMBAYARAN` ENABLE KEYS */;
UNLOCK TABLES;

--
-- Dumping data for table `TR_PEMBELIAN`
--

LOCK TABLES `TR_PEMBELIAN` WRITE;
/*!40000 ALTER TABLE `TR_PEMBELIAN` DISABLE KEYS */;
/*!40000 ALTER TABLE `TR_PEMBELIAN` ENABLE KEYS */;
UNLOCK TABLES;

--
-- Dumping data for table `TR_PEMBELIAN_DETAIL`
--

LOCK TABLES `TR_PEMBELIAN_DETAIL` WRITE;
/*!40000 ALTER TABLE `TR_PEMBELIAN_DETAIL` DISABLE KEYS */;
/*!40000 ALTER TABLE `TR_PEMBELIAN_DETAIL` ENABLE KEYS */;
UNLOCK TABLES;

--
-- Dumping data for table `TR_PENJUALAN`
--

LOCK TABLES `TR_PENJUALAN` WRITE;
/*!40000 ALTER TABLE `TR_PENJUALAN` DISABLE KEYS */;
/*!40000 ALTER TABLE `TR_PENJUALAN` ENABLE KEYS */;
UNLOCK TABLES;

--
-- Dumping data for table `TR_PENJUALAN_DETAIL`
--

LOCK TABLES `TR_PENJUALAN_DETAIL` WRITE;
/*!40000 ALTER TABLE `TR_PENJUALAN_DETAIL` DISABLE KEYS */;
/*!40000 ALTER TABLE `TR_PENJUALAN_DETAIL` ENABLE KEYS */;
UNLOCK TABLES;

--
-- Dumping data for table `TR_SALDO_STOK`
--

LOCK TABLES `TR_SALDO_STOK` WRITE;
/*!40000 ALTER TABLE `TR_SALDO_STOK` DISABLE KEYS */;
INSERT INTO `TR_SALDO_STOK` (`ID_SALDO_STOK`, `BELI`, `BULAN`, `JUAL`, `RETUR_BELI`, `RETUR_JUAL`, `SALDO_AWAL`, `TAHUN`, `TOTAL_BELI`, `ID_PRODUK`) VALUES ('SALSYS090800001',0,'09',0,0,0,1,'2009',1,'101'),('SALSYS090800002',0,'09',0,0,0,12,'2009',12,'`02');
/*!40000 ALTER TABLE `TR_SALDO_STOK` ENABLE KEYS */;
UNLOCK TABLES;

--
-- Dumping data for table `TR_SESI_KASSA`
--

LOCK TABLES `TR_SESI_KASSA` WRITE;
/*!40000 ALTER TABLE `TR_SESI_KASSA` DISABLE KEYS */;
/*!40000 ALTER TABLE `TR_SESI_KASSA` ENABLE KEYS */;
UNLOCK TABLES;
/*!40103 SET TIME_ZONE=@OLD_TIME_ZONE */;

/*!40101 SET SQL_MODE=@OLD_SQL_MODE */;
/*!40014 SET FOREIGN_KEY_CHECKS=@OLD_FOREIGN_KEY_CHECKS */;
/*!40014 SET UNIQUE_CHECKS=@OLD_UNIQUE_CHECKS */;
/*!40101 SET CHARACTER_SET_CLIENT=@OLD_CHARACTER_SET_CLIENT */;
/*!40101 SET CHARACTER_SET_RESULTS=@OLD_CHARACTER_SET_RESULTS */;
/*!40101 SET COLLATION_CONNECTION=@OLD_COLLATION_CONNECTION */;
/*!40111 SET SQL_NOTES=@OLD_SQL_NOTES */;

-- Dump completed on 2009-09-25  5:40:45
